Customer ID,total_spend,purchase_frequency,avg_basket_size,cat_diversity,recency,gap,age
CUST001,108463.86,8,3.2125,10,605,2.65,24
CUST002,74279.45,10,3.358490566037736,9,578,5.0,35
CUST003,62369.9,8,2.9423076923076925,9,580,4.3076923076923075,26
CUST004,30660.58,3,2.65,5,571,14.25,25
CUST005,71997.45,5,3.020408163265306,9,640,4.877551020408164,29
CUST006,23434.260000000002,3,3.1666666666666665,9,629,10.444444444444445,50
CUST007,66594.02,6,3.2790697674418605,8,634,3.9767441860465116,33
CUST008,70912.33,8,2.6666666666666665,8,587,4.507936507936508,46
CUST009,21514.41,5,2.7857142857142856,6,607,20.357142857142858,21
CUST010,51390.25,4,3.3636363636363638,7,591,7.787878787878788,54
CUST011,57793.41,5,3.1142857142857143,9,551,8.457142857142857,28
CUST012,15828.220000000001,2,3.888888888888889,5,651,0.3333333333333333,47
CUST013,27732.63,4,3.0,8,624,6.5,29
CUST014,27634.06,4,3.111111111111111,8,550,11.222222222222221,42
CUST015,95009.05,8,2.966666666666667,9,559,4.933333333333334,53
CUST016,17286.1,4,3.2,7,610,10.133333333333333,56
CUST017,101181.54,9,3.262295081967213,8,618,3.4754098360655736,22
CUST018,32465.29,5,3.0689655172413794,10,597,5.758620689655173,55
CUST019,32953.89,4,3.1739130434782608,9,558,13.608695652173912,50
CUST020,63114.66,6,3.1,9,535,7.5,52
CUST021,76304.27,6,3.268292682926829,7,531,8.292682926829269,63
CUST022,123217.8,10,2.781609195402299,9,589,2.8620689655172415,32
CUST023,74464.97,7,3.54,9,549,6.58,47
CUST024,68780.59,6,3.2,9,542,5.325,55
CUST025,66459.12,4,3.375,8,611,6.65,64
CUST026,152223.72,11,2.967032967032967,10,580,3.3736263736263736,28
CUST027,58583.33,4,3.2037037037037037,8,657,4.185185185185185,20
CUST028,71733.26,4,3.5483870967741935,7,538,9.258064516129032,57
CUST029,47616.47,4,3.2857142857142856,9,617,7.0,64
CUST030,88144.42,7,2.9315068493150687,9,675,2.780821917808219,44
CUST031,79304.15,6,3.425925925925926,10,587,5.388888888888889,20
CUST032,63658.9,6,3.081081081081081,7,608,6.216216216216216,55
CUST033,55048.69,6,2.7906976744186047,8,539,6.162790697674419,47
CUST034,36965.64,5,2.6923076923076925,9,542,11.5,28
CUST035,159726.56,10,3.1627906976744184,10,531,2.751937984496124,44
CUST036,78818.68,5,2.6666666666666665,10,551,5.96078431372549,20
CUST037,99486.77,7,2.6973684210526314,10,554,3.1842105263157894,45
CUST038,32156.22,5,2.3421052631578947,9,551,8.5,42
CUST039,90409.04,7,3.16,8,539,6.6,62
CUST040,19225.34,5,3.533333333333333,6,607,15.466666666666667,46
CUST041,37601.08,4,3.466666666666667,9,565,6.733333333333333,18
CUST042,118966.26,11,2.9135802469135803,10,605,2.9876543209876543,62
CUST043,7368.51,1,3.0,5,737,0.0,56
CUST044,71149.37,6,2.8181818181818183,6,573,6.181818181818182,33
CUST045,96614.97,9,2.971830985915493,9,559,4.535211267605634,37
CUST046,28817.7,4,2.75,7,564,9.25,61
CUST047,23295.25,4,2.15,6,600,14.3,52
CUST048,60465.92,5,2.8636363636363638,10,625,5.295454545454546,63
CUST049,110908.37,6,3.274193548387097,10,529,5.806451612903226,56
CUST050,35850.5,4,2.717948717948718,9,583,6.641025641025641,52
CUST051,96537.56999999999,13,3.0454545454545454,10,551,4.196969696969697,37
CUST052,118363.09,9,2.9220779220779223,9,551,4.233766233766234,22
CUST053,18478.64,5,3.4,6,582,17.866666666666667,53
CUST054,52040.93,7,3.0,9,531,9.64864864864865,63
CUST055,30468.18,5,2.28125,9,598,6.53125,61
CUST056,77967.4,10,2.814814814814815,10,544,5.907407407407407,33
CUST057,80687.5,9,3.108695652173913,10,535,6.456521739130435,29
CUST058,143769.77,12,2.76,10,607,2.26,31
CUST059,132429.1,8,3.218390804597701,10,616,2.689655172413793,30
CUST060,45547.86,5,3.6363636363636362,10,540,10.333333333333334,19
CUST061,68466.89,5,3.4782608695652173,9,628,3.9347826086956523,45
CUST062,35265.5,3,3.7,6,640,7.15,50
CUST063,96129.41,9,2.73972602739726,10,532,4.273972602739726,55
CUST064,60847.07,5,3.046511627906977,8,661,5.116279069767442,51
CUST065,19369.54,4,2.1739130434782608,9,570,13.478260869565217,39
CUST066,95671.25,7,3.140845070422535,9,556,3.1267605633802815,47
CUST067,55756.61,4,2.8292682926829267,10,559,5.487804878048781,28
CUST068,92616.13,7,3.491228070175439,9,530,5.5964912280701755,31
CUST069,69871.12,6,3.4358974358974357,9,579,7.230769230769231,42
CUST070,61940.8,6,3.4,8,543,8.085714285714285,43
CUST071,55930.78,5,2.926829268292683,8,661,5.487804878048781,49
CUST072,15510.32,4,2.8333333333333335,7,530,21.166666666666668,48
CUST073,50734.83,4,2.857142857142857,9,616,2.657142857142857,25
CUST074,16481.89,2,2.7058823529411766,7,549,7.529411764705882,46
CUST075,19759.940000000002,2,2.8,5,604,7.0,25
CUST076,74370.27,8,3.109090909090909,10,564,4.254545454545455,56
CUST077,75094.98,6,3.5,10,582,6.291666666666667,56
CUST078,43951.9,5,2.9615384615384617,6,617,9.73076923076923,27
CUST079,50774.86,4,3.4285714285714284,8,550,6.485714285714286,53
CUST080,23162.4,2,2.9285714285714284,7,677,14.285714285714286,58
CUST081,52473.28,8,2.744186046511628,9,581,4.837209302325581,26
CUST082,77123.31,7,3.0754716981132075,9,534,5.245283018867925,46
CUST083,64962.82,7,3.0,10,584,5.489795918367347,55
CUST084,40782.84,4,3.625,9,557,9.458333333333334,53
CUST085,72436.95,8,3.1578947368421053,8,542,5.2631578947368425,47
CUST086,18175.96,4,2.3333333333333335,5,589,6.2,48
CUST087,38135.92,4,2.48,8,571,11.8,57
CUST088,69056.22,8,2.9827586206896552,10,555,5.793103448275862,45
CUST089,70644.57,7,2.7857142857142856,9,552,7.690476190476191,64
CUST090,14223.94,2,3.4166666666666665,5,549,12.416666666666666,45
CUST091,78605.87,7,3.607843137254902,9,533,6.588235294117647,43
CUST092,150181.22,10,2.977777777777778,10,546,3.488888888888889,65
CUST093,32006.91,7,4.0588235294117645,5,583,16.0,39
CUST094,7909.43,2,2.375,7,826,3.875,56
CUST095,57149.65,7,3.21875,9,594,7.5625,63
CUST096,21646.83,4,3.111111111111111,5,542,9.833333333333334,29
CUST097,47418.1,5,2.7142857142857144,9,658,2.6666666666666665,60
CUST098,50663.05,5,3.022727272727273,10,640,5.363636363636363,20
CUST099,11674.85,4,2.526315789473684,5,562,14.210526315789474,20
CUST100,17225.52,3,2.7333333333333334,6,556,11.733333333333333,39
CUST1000,82891.45,10,3.125,9,557,5.15625,61
CUST1001,1799.94,2,2.0,1,2,0.0,35
CUST101,27063.71,3,2.5,6,700,1.1363636363636365,29
CUST102,52971.259999999995,7,2.7755102040816326,9,611,5.408163265306122,57
CUST103,38432.73,4,3.590909090909091,7,588,12.0,59
CUST104,49417.57,4,3.272727272727273,7,638,6.0,49
CUST105,42925.36,4,3.212121212121212,9,587,8.484848484848484,24
CUST106,38292.21,4,3.3333333333333335,9,767,3.393939393939394,42
CUST107,20116.51,3,3.25,7,625,8.625,48
CUST108,51097.19,3,3.1538461538461537,6,647,9.0,20
CUST109,70797.9,7,3.573529411764706,10,542,3.5588235294117645,54
CUST110,198280.11000000002,11,3.1981981981981984,10,607,2.3963963963963963,36
CUST111,88427.71,9,3.0923076923076924,10,607,2.4,57
CUST112,86196.23999999999,7,3.23728813559322,10,563,4.9491525423728815,61
CUST113,43785.44,4,2.56,4,703,7.32,23
CUST114,65247.4,7,2.8833333333333333,10,609,4.666666666666667,58
CUST115,68672.39,8,3.0416666666666665,10,541,6.625,46
CUST116,39586.23,5,2.75,8,632,6.75,33
CUST117,96985.84,7,3.096774193548387,10,578,5.064516129032258,55
CUST118,93908.6,7,3.3703703703703702,9,544,5.833333333333333,52
CUST119,24455.83,5,3.1578947368421053,6,622,11.631578947368421,20
CUST120,60759.86,8,2.9,9,532,5.58,50
CUST121,51416.28,7,2.857142857142857,10,551,5.071428571428571,40
CUST122,66024.41,4,2.78,9,603,5.58,60
CUST123,35741.01,7,3.074074074074074,6,620,10.037037037037036,55
CUST124,78489.92,8,2.53125,10,543,4.21875,55
CUST125,41122.84,6,3.0,8,545,9.228571428571428,21
CUST126,48064.56,5,3.0,8,557,10.0,64
CUST127,62173.17,6,3.3783783783783785,7,529,8.54054054054054,46
CUST128,31954.399999999998,5,3.272727272727273,7,540,15.5,45
CUST129,25540.1,4,2.7142857142857144,6,588,10.142857142857142,48
CUST130,79275.38,7,3.0701754385964914,10,540,3.9473684210526314,19
CUST131,76589.99,9,2.962962962962963,9,584,5.055555555555555,59
CUST132,80123.04,8,3.1076923076923078,10,531,5.430769230769231,46
CUST133,111886.56,6,3.3870967741935485,10,590,3.467741935483871,64
CUST134,71983.81,7,2.7346938775510203,9,575,6.142857142857143,24
CUST135,65352.07,8,3.1458333333333335,8,545,5.9375,21
CUST136,69877.95,7,3.372093023255814,10,530,5.255813953488372,33
CUST137,27868.85,5,2.9545454545454546,7,565,10.5,63
CUST138,44481.11,4,2.710526315789474,9,548,5.815789473684211,34
CUST139,80143.56999999999,7,3.2241379310344827,10,557,4.362068965517241,47
CUST140,69162.4,7,3.0892857142857144,10,568,5.571428571428571,44
CUST141,80348.58,6,2.9130434782608696,9,630,4.934782608695652,23
CUST142,109848.67,9,2.6625,10,540,3.7875,36
CUST143,64920.21,7,2.849056603773585,10,531,6.811320754716981,42
CUST144,89076.16,10,2.857142857142857,10,565,2.873015873015873,45
CUST145,12518.34,3,3.4166666666666665,7,613,10.0,48
CUST146,33982.369999999995,8,2.3902439024390243,9,560,7.439024390243903,39
CUST147,46551.49,6,2.8684210526315788,9,608,7.315789473684211,32
CUST148,48992.7,7,2.682926829268293,9,557,6.414634146341464,63
CUST149,36769.35,4,2.6,9,583,7.266666666666667,58
CUST150,66437.51,6,2.7551020408163267,9,537,6.775510204081633,52
CUST151,72816.73,8,2.8095238095238093,10,553,3.9365079365079363,21
CUST152,16190.7,4,2.0,6,556,20.0,60
CUST153,30310.76,3,2.5454545454545454,8,551,3.090909090909091,25
CUST154,120009.04,10,3.0,10,543,3.7191011235955056,34
CUST155,121617.94,10,3.2195121951219514,10,551,3.951219512195122,40
CUST156,31350.91,4,3.6315789473684212,6,619,13.157894736842104,40
CUST157,59532.939999999995,7,3.0,10,657,4.277777777777778,35
CUST158,131485.09,10,2.86046511627907,10,554,3.813953488372093,63
CUST159,60060.9,8,3.0256410256410255,9,598,7.102564102564102,18
CUST160,33138.1,8,3.6,9,539,8.88,36
CUST161,50753.03,7,3.1724137931034484,7,562,11.206896551724139,56
CUST162,48752.87,4,3.65,7,531,11.35,35
CUST163,60540.3,6,3.0555555555555554,8,548,8.63888888888889,34
CUST164,25096.07,3,3.6153846153846154,5,551,9.0,49
CUST165,59045.64,7,3.175,10,564,6.7,40
CUST166,26075.17,3,2.8125,8,538,15.8125,44
CUST167,11506.04,2,2.75,5,785,3.125,35
CUST168,71172.99,6,3.2045454545454546,10,544,7.431818181818182,38
CUST169,114846.79,10,2.701923076923077,10,573,2.6346153846153846,32
CUST170,46813.0,5,3.138888888888889,9,546,9.416666666666666,42
CUST171,42915.99,5,2.6470588235294117,9,570,6.176470588235294,43
CUST172,83533.66,7,3.196969696969697,10,528,5.075757575757576,39
CUST173,50938.729999999996,7,3.4444444444444446,9,620,7.138888888888889,19
CUST174,86076.19,8,2.8333333333333335,10,567,3.6666666666666665,23
CUST175,64947.41,7,2.5636363636363635,9,591,5.1454545454545455,23
CUST176,45249.18,5,3.119047619047619,10,576,6.761904761904762,48
CUST177,117982.74,9,3.013333333333333,10,568,4.2,59
CUST178,54419.2,4,3.388888888888889,6,700,1.8611111111111112,50
CUST179,61693.78,7,3.1515151515151514,8,574,8.212121212121213,29
CUST180,65765.11,8,2.5833333333333335,8,600,4.854166666666667,27
CUST181,36739.86,4,3.5,7,560,7.5,48
CUST182,65581.14,8,3.073170731707317,9,540,8.317073170731707,25
CUST183,7825.719999999999,2,3.4285714285714284,3,555,23.714285714285715,45
CUST184,120845.31,9,3.0123456790123457,10,561,4.08641975308642,38
CUST185,91449.16,8,2.767123287671233,10,556,3.780821917808219,23
CUST186,51341.76,5,3.064516129032258,8,577,4.387096774193548,27
CUST187,56501.65,6,2.935483870967742,8,590,8.64516129032258,64
CUST188,73447.93,8,2.92,10,550,6.08,54
CUST189,33677.42,5,2.8095238095238093,7,663,10.666666666666666,54
CUST190,34458.32,2,2.84,7,652,9.12,46
CUST191,32451.309999999998,5,3.210526315789474,8,574,13.631578947368421,61
CUST192,83103.52,8,2.9833333333333334,10,537,3.683333333333333,46
CUST193,66643.29,10,2.660377358490566,10,566,5.452830188679245,47
CUST194,165140.88,12,2.75,10,578,2.586206896551724,59
CUST195,44504.71,6,3.1481481481481484,8,606,9.666666666666666,44
CUST196,35110.91,4,3.227272727272727,6,623,9.409090909090908,34
CUST197,33273.67,6,2.911764705882353,9,567,5.5588235294117645,36
CUST198,17915.579999999998,4,2.857142857142857,7,633,15.714285714285714,24
CUST199,2350.38,1,2.0,3,652,0.0,47
CUST200,30963.04,5,3.2,7,759,2.92,27
CUST2000,100.0,1,1.0,1,2,0.0,25
CUST2001,100.0,1,1.0,1,2,0.0,25
CUST201,100011.2,7,2.8333333333333335,9,553,5.433333333333334,52
CUST202,31026.46,5,2.8,7,559,16.0,41
CUST203,71043.13,8,3.2549019607843137,10,542,6.137254901960785,33
CUST204,46868.94,5,3.096774193548387,7,566,9.0,61
CUST205,29280.68,4,3.12,7,630,7.6,56
CUST206,76921.61,9,3.3636363636363638,9,549,5.6,41
CUST207,53150.93,5,2.6122448979591835,9,548,6.857142857142857,41
CUST208,13667.38,4,2.588235294117647,9,598,10.470588235294118,62
CUST209,99814.0,11,3.253012048192771,10,570,3.6987951807228914,18
CUST210,26353.0,3,2.2941176470588234,5,670,5.588235294117647,47
CUST211,18950.54,4,3.210526315789474,7,545,15.0,29
CUST212,34325.61,6,3.0384615384615383,9,537,11.76923076923077,31
CUST213,44663.8,6,2.761904761904762,10,577,6.619047619047619,18
CUST214,92872.47,6,3.2222222222222223,7,676,3.185185185185185,48
CUST215,109609.81,8,3.3225806451612905,10,531,5.112903225806452,62
CUST216,10634.66,2,1.9090909090909092,6,764,4.7272727272727275,31
CUST217,96392.24,6,3.4242424242424243,9,556,3.742424242424242,62
CUST218,61410.61,5,2.96875,7,584,9.5,20
CUST219,41523.5,4,3.3636363636363638,8,625,11.954545454545455,40
CUST220,47795.32,6,2.5681818181818183,10,544,7.318181818181818,26
CUST221,100423.99,11,2.8705882352941177,9,565,3.458823529411765,53
CUST222,4149.3,2,4.0,3,555,82.33333333333333,18
CUST223,49591.69,7,3.4375,8,543,9.25,18
CUST224,38567.29,5,3.033333333333333,8,591,9.166666666666666,44
CUST225,61960.17,7,2.4615384615384617,9,534,6.038461538461538,44
CUST226,59141.6,4,3.3157894736842106,8,596,7.5,60
CUST227,92061.70999999999,4,3.63265306122449,7,671,3.63265306122449,60
CUST228,45064.95,4,2.8125,10,540,5.21875,52
CUST229,20425.04,5,3.230769230769231,9,551,24.53846153846154,60
CUST230,77886.95,7,2.9607843137254903,10,624,2.9607843137254903,29
CUST231,49461.9,4,3.057142857142857,9,552,5.0285714285714285,38
CUST232,79350.81,9,2.8461538461538463,10,556,5.269230769230769,63
CUST233,93424.73,10,3.1470588235294117,10,538,4.647058823529412,47
CUST234,92017.64,9,2.901639344262295,10,533,5.147540983606557,36
CUST235,43476.88,6,3.393939393939394,9,583,8.090909090909092,19
CUST236,43034.26,3,3.9,8,591,14.2,23
CUST237,101500.87,10,2.8536585365853657,10,552,3.2804878048780486,64
CUST238,94333.77,9,3.0350877192982457,9,557,5.824561403508772,48
CUST239,53901.46,8,2.84,8,559,6.44,58
CUST240,50214.8,3,3.1379310344827585,7,639,8.586206896551724,62
CUST241,77065.6,11,2.85,9,567,5.3,31
CUST242,26512.63,6,2.411764705882353,8,690,5.088235294117647,54
CUST243,104514.44,9,3.1343283582089554,9,618,3.8059701492537314,31
CUST244,54240.12,7,2.7837837837837838,8,700,5.108108108108108,30
CUST245,39578.2,3,3.107142857142857,10,708,5.964285714285714,64
CUST246,66879.25,10,3.2641509433962264,9,603,4.849056603773585,44
CUST247,110574.67,8,2.9342105263157894,10,621,2.4210526315789473,32
CUST248,53058.13,6,3.2444444444444445,9,538,7.333333333333333,56
CUST249,75843.96,7,3.1153846153846154,10,617,4.230769230769231,25
CUST250,40384.1,4,2.8,7,576,11.84,53
CUST251,102071.02,13,3.034090909090909,10,539,3.3181818181818183,47
CUST252,41930.59,3,3.75,6,565,12.5,39
CUST253,26025.82,5,2.933333333333333,8,554,11.133333333333333,18
CUST254,16339.490000000002,2,3.6,6,642,22.4,40
CUST255,78904.4,6,3.404255319148936,8,552,6.723404255319149,49
CUST256,96664.67,9,3.276923076923077,10,646,2.5846153846153848,23
CUST257,85147.55,7,2.869565217391304,10,612,2.4057971014492754,24
CUST258,3055.3,1,3.0,2,544,0.0,37
CUST259,11084.0,4,2.5384615384615383,7,590,19.153846153846153,50
CUST260,64085.700000000004,6,2.909090909090909,9,605,4.7727272727272725,26
CUST261,41861.08,7,2.7435897435897436,8,685,3.948717948717949,47
CUST262,78650.03,4,3.475,8,534,5.275,26
CUST263,106782.52,10,3.013157894736842,10,559,4.2631578947368425,52
CUST264,45064.770000000004,3,2.6470588235294117,7,674,6.411764705882353,43
CUST265,56337.9,6,3.0833333333333335,8,550,8.38888888888889,48
CUST266,22133.45,5,2.9047619047619047,8,572,14.761904761904763,18
CUST267,67130.68,6,3.0,9,577,5.276595744680851,42
CUST268,49526.78,7,2.5869565217391304,9,549,7.456521739130435,27
CUST269,72811.7,7,2.9375,9,585,5.6875,33
CUST270,62023.75,5,3.2195121951219514,9,563,3.926829268292683,25
CUST271,104342.77,9,3.1194029850746268,10,559,4.701492537313433,48
CUST272,71099.13,6,2.869565217391304,9,530,7.673913043478261,18
CUST273,56030.44,6,2.9705882352941178,8,613,7.5588235294117645,22
CUST274,51469.67,4,3.2972972972972974,8,553,7.891891891891892,56
CUST275,73715.28,6,3.1372549019607843,10,540,6.509803921568627,23
CUST276,131479.59,10,3.0481927710843375,10,594,3.4578313253012047,60
CUST277,77453.38,8,2.7333333333333334,9,554,5.133333333333334,52
CUST278,108273.86,9,2.746268656716418,10,583,4.522388059701493,29
CUST279,118336.35,8,3.081081081081081,10,553,3.689189189189189,63
CUST280,93489.84,12,2.7142857142857144,9,556,5.238095238095238,38
CUST281,98687.88,6,3.6379310344827585,9,593,2.3275862068965516,43
CUST282,64961.78,6,3.357142857142857,9,534,7.023809523809524,27
CUST283,42732.79,6,2.857142857142857,7,573,8.75,48
CUST284,25724.93,7,3.0,7,532,15.05,63
CUST285,76236.87,7,3.456140350877193,10,556,5.7368421052631575,55
CUST286,31491.67,4,3.0454545454545454,8,575,14.272727272727273,45
CUST287,14448.49,3,2.5,4,617,30.75,20
CUST288,66436.12,7,2.8484848484848486,10,573,1.6666666666666667,51
CUST289,41300.28,4,2.606060606060606,9,625,3.272727272727273,28
CUST290,55916.78,6,3.057142857142857,9,596,7.428571428571429,61
CUST291,96567.18000000001,10,2.753623188405797,10,561,4.434782608695652,53
CUST292,62846.39,5,3.0681818181818183,9,576,6.431818181818182,45
CUST293,42381.94,6,2.7666666666666666,8,543,5.133333333333334,36
CUST294,30326.6,5,2.926829268292683,8,588,5.975609756097561,29
CUST295,20071.44,5,2.3333333333333335,6,658,10.277777777777779,40
CUST296,33416.41,4,2.823529411764706,8,568,8.823529411764707,29
CUST297,85138.12,9,2.8596491228070176,10,759,2.2982456140350878,34
CUST298,118936.25,9,3.25,9,572,2.340909090909091,64
CUST299,42640.07,3,2.966666666666667,8,820,2.2666666666666666,28
CUST300,72684.42,9,2.7761194029850746,9,557,4.865671641791045,49
CUST301,72848.06,6,3.38,9,571,5.44,63
CUST302,32353.989999999998,4,2.6,7,606,7.15,61
CUST303,139161.66,8,3.2555555555555555,9,563,3.1777777777777776,28
CUST304,53574.78,6,2.9473684210526314,10,697,1.5789473684210527,56
CUST305,99502.91,10,2.984126984126984,10,650,3.4761904761904763,48
CUST306,44971.91,6,2.888888888888889,10,643,6.722222222222222,55
CUST307,67364.61,6,2.86046511627907,8,569,3.7209302325581395,45
CUST308,142717.89,10,2.9894736842105263,10,532,3.557894736842105,52
CUST309,136187.37,12,3.3626373626373627,10,531,3.857142857142857,42
CUST310,53570.72,4,3.075,9,579,6.2,31
CUST311,17811.99,3,2.388888888888889,6,628,13.333333333333334,48
CUST312,64673.52,5,2.8846153846153846,10,545,4.653846153846154,28
CUST313,62989.86,6,3.217391304347826,8,553,5.608695652173913,36
CUST314,35624.07,8,2.7142857142857144,6,551,7.8,35
CUST315,160552.61,11,3.277227722772277,10,564,3.1485148514851486,51
CUST316,65161.51,8,2.63265306122449,10,628,4.510204081632653,46
CUST317,9624.28,4,3.4285714285714284,5,556,48.0,28
CUST318,82996.72,10,3.056603773584906,9,552,6.169811320754717,37
CUST319,87157.54,8,3.0714285714285716,10,576,4.414285714285715,39
CUST320,80965.25,5,3.1147540983606556,9,531,5.065573770491803,59
CUST321,13009.48,3,2.1,5,850,2.6,18
CUST322,71172.58,7,3.06,10,541,6.82,21
CUST323,133115.53,9,3.141025641025641,8,647,2.1153846153846154,56
CUST324,76912.71,9,3.721311475409836,10,573,5.163934426229508,25
CUST325,33685.5,4,3.3043478260869565,6,653,7.739130434782608,40
CUST326,44643.42,7,2.967741935483871,8,550,9.064516129032258,35
CUST327,2694.86,2,1.8,4,581,34.2,37
CUST328,21683.05,3,3.2857142857142856,6,539,14.357142857142858,25
CUST329,9938.029999999999,4,1.9166666666666667,7,529,25.583333333333332,40
CUST330,55359.88,10,2.9056603773584904,9,645,4.566037735849057,49
CUST331,62785.79,7,3.0930232558139537,10,657,5.232558139534884,22
CUST332,69956.67,7,2.830188679245283,9,671,3.1132075471698113,21
CUST333,89947.37,10,2.67816091954023,9,580,3.2413793103448274,38
CUST334,43508.69,5,2.3333333333333335,8,548,5.7272727272727275,51
CUST335,51329.52,6,2.870967741935484,9,595,7.225806451612903,23
CUST336,85347.28,6,3.2982456140350878,10,547,4.7894736842105265,38
CUST337,116992.15,9,3.191780821917808,9,654,2.8493150684931505,54
CUST338,80152.3,4,3.5416666666666665,9,570,2.9791666666666665,40
CUST339,87521.41,9,2.7468354430379747,8,544,3.9873417721518987,45
CUST340,34643.56,6,3.25,7,591,10.458333333333334,46
CUST341,157455.95,11,3.1262135922330097,9,536,3.0679611650485437,34
CUST342,67545.14,6,2.830188679245283,9,555,4.90566037735849,58
CUST343,11534.73,2,3.25,6,548,21.0,46
CUST344,113834.77,7,3.3292682926829267,10,532,4.2073170731707314,43
CUST345,141283.88,12,3.1885245901639343,10,577,2.557377049180328,52
CUST346,67526.44,4,3.272727272727273,9,648,4.254545454545455,18
CUST347,111426.47,7,3.426470588235294,10,530,4.705882352941177,48
CUST348,42314.7,3,2.6551724137931036,7,558,9.758620689655173,43
CUST349,11236.9,3,3.5,5,625,20.25,23
CUST350,20157.86,4,2.5185185185185186,8,529,11.703703703703704,24
CUST351,85667.25,8,2.6285714285714286,10,541,4.9,61
CUST352,83760.47,9,2.914285714285714,9,608,3.9857142857142858,22
CUST353,80328.58,7,2.7254901960784315,10,594,5.705882352941177,51
CUST354,20834.13,3,2.8666666666666667,7,574,15.6,19
CUST355,69539.98,8,2.909090909090909,8,530,8.227272727272727,36
CUST356,69719.15000000001,6,3.2857142857142856,9,594,7.095238095238095,53
CUST357,111206.90000000001,7,3.409090909090909,10,560,3.893939393939394,39
CUST358,64327.18,5,3.1794871794871793,9,596,7.384615384615385,54
CUST359,133924.7,10,3.090909090909091,10,563,3.9740259740259742,62
CUST360,46381.54,4,2.9655172413793105,7,546,10.96551724137931,59
CUST361,53027.78,7,2.883720930232558,8,579,6.209302325581396,49
CUST362,37732.58,6,3.40625,8,652,3.65625,28
CUST363,22427.530000000002,5,2.5238095238095237,5,620,7.857142857142857,56
CUST364,82911.5,6,3.0344827586206895,9,615,3.4482758620689653,32
CUST365,65668.15,7,3.3333333333333335,9,640,4.645833333333333,47
CUST366,26558.09,2,3.0625,6,616,12.4375,19
CUST367,105330.49,10,3.2028985507246377,10,565,4.463768115942029,56
CUST368,49552.96,6,3.4482758620689653,7,562,4.827586206896552,36
CUST369,74759.28,8,3.1666666666666665,9,582,4.583333333333333,39
CUST370,104339.71,8,3.1323529411764706,9,544,4.764705882352941,47
CUST371,34961.85,6,2.5625,9,597,9.0625,28
CUST372,96.5,1,2.0,1,828,0.0,55
CUST373,98975.15,11,3.1029411764705883,9,553,4.897058823529412,58
CUST374,69604.69,7,3.074074074074074,9,544,5.537037037037037,53
CUST375,42781.18,5,3.1333333333333333,8,600,9.333333333333334,33
CUST376,21329.39,5,3.3157894736842106,7,532,16.57894736842105,19
CUST377,80256.62,8,2.8813559322033897,10,608,3.440677966101695,38
CUST378,172450.57,10,3.6020408163265305,10,560,3.0816326530612246,25
CUST379,7181.83,1,3.4,5,691,0.0,30
CUST380,65716.05,7,2.5090909090909093,9,623,3.709090909090909,27
CUST381,81642.92,10,3.1739130434782608,10,637,3.2028985507246377,52
CUST382,36529.6,4,3.076923076923077,8,596,7.6923076923076925,54
CUST383,65572.03,5,3.057142857142857,9,536,9.885714285714286,35
CUST384,87419.5,6,2.7777777777777777,10,563,5.944444444444445,19
CUST385,28848.05,4,3.0,10,531,7.636363636363637,33
CUST386,87580.14,8,3.2131147540983607,9,642,4.081967213114754,41
CUST387,18049.7,3,3.5294117647058822,5,726,4.764705882352941,23
CUST388,62001.66,5,2.933333333333333,9,606,4.4222222222222225,23
CUST389,13359.01,2,2.6363636363636362,2,575,22.727272727272727,47
CUST390,54852.28,5,2.883720930232558,8,534,6.674418604651163,39
CUST391,202153.36000000002,14,2.837037037037037,9,539,2.5925925925925926,30
CUST392,42694.89,5,3.566666666666667,8,591,8.1,22
CUST393,108422.51,7,3.028169014084507,10,560,4.140845070422535,32
CUST394,52847.61,7,3.4651162790697674,7,545,4.534883720930233,42
CUST395,82711.17,3,3.375,8,567,7.725,64
CUST396,62950.24,5,3.533333333333333,7,565,8.4,23
CUST397,82990.37,8,3.176470588235294,9,548,6.352941176470588,60
CUST398,39213.17,5,3.3448275862068964,7,694,6.517241379310345,19
CUST399,37129.06,4,2.9310344827586206,9,572,6.862068965517241,60
CUST400,47855.200000000004,5,2.962962962962963,8,580,10.333333333333334,52
CUST401,83080.81,6,2.9298245614035086,9,560,5.245614035087719,23
CUST402,123692.40000000001,10,2.9130434782608696,9,544,3.6739130434782608,18
CUST403,108014.84,10,2.9767441860465116,9,605,2.488372093023256,55
CUST404,129063.28,10,3.1204819277108435,10,544,3.5903614457831323,49
CUST405,119074.06,11,3.25,10,550,3.723684210526316,47
CUST406,133145.53,8,3.0253164556962027,10,537,3.3797468354430378,39
CUST407,30801.739999999998,6,2.9545454545454546,7,543,13.363636363636363,51
CUST408,18642.91,5,3.466666666666667,6,581,14.733333333333333,28
CUST409,100635.15,11,2.8028169014084505,10,540,4.816901408450704,37
CUST410,37661.58,3,2.6944444444444446,7,587,4.666666666666667,27
CUST411,37064.02,4,2.5588235294117645,9,614,7.9411764705882355,37
CUST412,45745.95,6,2.8275862068965516,8,528,11.89655172413793,43
CUST413,85206.37,8,2.803030303030303,9,591,3.8484848484848486,60
CUST414,53233.490000000005,8,2.9583333333333335,9,554,6.125,40
CUST415,74777.13,8,2.65625,10,578,3.359375,59
CUST416,72246.04,6,3.15625,7,583,8.90625,46
CUST417,87005.62,7,3.1052631578947367,10,572,4.087719298245614,30
CUST418,43243.38,4,3.0,8,544,14.130434782608695,47
CUST419,14830.7,2,2.7142857142857144,7,726,11.142857142857142,31
CUST420,82373.61,9,2.9074074074074074,10,609,4.796296296296297,31
CUST421,53299.5,8,3.081967213114754,9,547,5.409836065573771,51
CUST422,39153.17,4,2.888888888888889,9,618,9.185185185185185,25
CUST423,93821.81,8,2.8059701492537314,9,625,3.791044776119403,44
CUST424,14012.98,1,3.4285714285714284,6,841,0.0,58
CUST425,49104.46,5,2.972972972972973,8,576,5.594594594594595,31
CUST426,69972.76,10,2.938775510204082,9,533,5.408163265306122,59
CUST427,68269.39,6,3.4473684210526314,9,541,8.763157894736842,35
CUST428,50488.56,10,2.78125,9,554,5.078125,62
CUST429,131079.7,12,2.9642857142857144,10,541,4.166666666666667,37
CUST430,36084.91,5,3.55,8,549,7.45,19
CUST431,63884.28,6,3.1702127659574466,10,570,5.574468085106383,57
CUST432,120697.47,11,3.217948717948718,10,554,4.32051282051282,38
CUST433,30730.15,3,3.0454545454545454,7,641,10.909090909090908,28
CUST434,64707.01,6,3.46875,9,542,9.96875,61
CUST435,91094.03,9,3.389830508474576,9,569,5.423728813559322,24
CUST436,64359.19,5,2.6363636363636362,10,570,3.1272727272727274,55
CUST437,120226.54,10,2.737864077669903,10,568,3.0485436893203883,42
CUST438,92934.11,10,3.0833333333333335,9,529,5.75,29
CUST439,85537.32,8,3.064516129032258,9,540,4.67741935483871,29
CUST440,56351.83,9,3.2162162162162162,8,564,8.594594594594595,41
CUST441,65027.98,7,2.8222222222222224,9,543,6.266666666666667,29
CUST442,54663.09,5,2.9523809523809526,10,535,8.261904761904763,27
CUST443,59311.479999999996,5,2.938775510204082,10,601,3.5510204081632653,62
CUST444,111985.31,9,2.9012345679012346,10,547,4.037037037037037,34
CUST445,52791.340000000004,6,3.317073170731707,10,532,7.121951219512195,52
CUST446,80270.95,8,2.9655172413793105,10,539,4.103448275862069,19
CUST447,44591.69,3,3.076923076923077,7,610,7.230769230769231,48
CUST448,65957.68000000001,5,2.977272727272727,8,569,6.931818181818182,53
CUST449,92607.78,8,2.823529411764706,9,543,4.9411764705882355,48
CUST450,76415.97,5,2.4029850746268657,10,639,3.4328358208955225,35
CUST451,118034.84,8,3.056338028169014,10,543,3.887323943661972,58
CUST452,63935.83,4,2.7954545454545454,9,645,5.5227272727272725,52
CUST453,80772.7,9,3.0,10,567,5.15,37
CUST454,105380.64,10,3.032967032967033,10,531,3.802197802197802,54
CUST455,79434.88,8,3.2745098039215685,9,570,6.0,63
CUST456,42968.86,3,3.1724137931034484,8,595,8.827586206896552,41
CUST457,41057.64,4,3.8095238095238093,8,537,16.285714285714285,37
CUST458,48682.61,4,2.8378378378378377,9,775,2.5945945945945947,46
CUST459,75758.01,6,3.1458333333333335,10,593,3.5,64
CUST460,56984.71,5,3.075,9,530,7.225,56
CUST461,69559.89,7,2.7636363636363637,10,565,4.6909090909090905,42
CUST462,57779.91,6,2.7674418604651163,9,612,5.186046511627907,57
CUST463,25028.43,5,2.8260869565217392,7,580,13.0,63
CUST464,110518.64,11,3.1971830985915495,10,530,3.859154929577465,64
CUST465,5328.610000000001,3,3.7142857142857144,4,656,25.571428571428573,24
CUST466,110368.45999999999,9,3.1325301204819276,10,541,3.433734939759036,48
CUST467,34460.19,4,2.875,7,622,9.458333333333334,43
CUST468,6801.639999999999,3,2.0,3,657,33.5,19
CUST469,56241.97,6,3.5185185185185186,8,658,5.888888888888889,20
CUST470,37625.53,5,3.260869565217391,8,552,11.08695652173913,39
CUST471,71233.17,6,2.593220338983051,10,544,5.8474576271186445,51
CUST472,5568.31,2,3.3333333333333335,3,826,3.3333333333333335,52
CUST473,63537.17,7,2.7111111111111112,10,567,6.977777777777778,34
CUST474,68613.35,4,3.6857142857142855,8,540,9.771428571428572,53
CUST475,79513.95,4,3.125,8,630,4.25,37
CUST476,53931.5,4,3.46875,8,614,7.90625,53
CUST477,111240.2,7,3.2028985507246377,9,642,3.260869565217391,24
CUST478,101834.94,10,2.816901408450704,10,588,4.28169014084507,57
CUST479,42410.76,5,3.15,8,604,6.3,37
CUST480,43031.04,6,2.8372093023255816,8,603,6.348837209302325,20
CUST481,72646.08,6,3.230769230769231,9,530,6.211538461538462,39
CUST482,78744.57,8,2.9411764705882355,8,621,3.235294117647059,54
CUST483,12628.9,5,2.3333333333333335,5,648,14.933333333333334,29
CUST484,124052.56999999999,10,3.0795454545454546,9,544,3.4204545454545454,30
CUST485,34778.81,4,2.6153846153846154,6,628,5.769230769230769,61
CUST486,96646.66,9,2.8133333333333335,10,600,3.8266666666666667,18
CUST487,19373.3,3,3.1333333333333333,7,723,4.533333333333333,24
CUST488,58712.13,7,2.8333333333333335,10,595,6.0476190476190474,31
CUST489,64436.57,6,2.951219512195122,10,696,4.7073170731707314,58
CUST490,29084.97,5,2.96,7,608,6.88,62
CUST491,70862.1,7,2.641509433962264,10,675,4.09433962264151,62
CUST492,68980.73,8,3.1,10,532,6.08,26
CUST493,87206.21,9,2.971830985915493,9,534,3.943661971830986,43
CUST494,58776.380000000005,8,2.8,10,580,5.511111111111111,60
CUST495,123502.66,9,3.1204819277108435,10,535,4.27710843373494,48
CUST496,80781.98,6,3.109090909090909,9,758,1.9090909090909092,22
CUST497,70015.34,7,3.090909090909091,9,605,6.2727272727272725,48
CUST498,38473.12,4,2.8214285714285716,10,628,8.964285714285714,41
CUST499,9760.41,1,4.0,4,869,0.0,26
CUST500,85028.41,7,3.1964285714285716,9,535,4.410714285714286,21
CUST501,112898.65,13,2.5728155339805827,10,555,3.029126213592233,18
CUST502,78940.16,8,2.8923076923076922,10,539,5.030769230769231,20
CUST503,111160.72,9,2.8450704225352115,8,544,3.0985915492957745,40
CUST504,65539.9,5,3.0851063829787235,8,529,7.127659574468085,65
CUST505,22697.88,2,4.1,3,808,3.4,18
CUST506,159692.06,12,2.8849557522123894,10,548,3.0442477876106193,39
CUST507,75517.97,7,3.0576923076923075,9,730,3.1153846153846154,41
CUST508,92922.94,7,3.2459016393442623,9,546,5.344262295081967,23
CUST509,24777.96,2,2.526315789473684,5,534,18.473684210526315,33
CUST510,15533.74,2,2.5,6,732,2.0714285714285716,20
CUST511,19401.489999999998,2,3.1,7,677,8.05,54
CUST512,78537.66,6,2.75,10,653,3.8214285714285716,50
CUST513,83727.42,7,3.098360655737705,10,556,3.3114754098360657,45
CUST514,14777.34,2,2.4545454545454546,7,784,1.1818181818181819,31
CUST515,95788.74,11,2.7419354838709675,10,555,3.870967741935484,35
CUST516,29509.949999999997,4,3.142857142857143,6,533,17.571428571428573,45
CUST517,53714.65,4,3.085714285714286,10,649,6.771428571428571,41
CUST518,82830.94,4,3.0408163265306123,10,665,4.285714285714286,39
CUST519,13800.29,2,3.0,7,775,10.454545454545455,28
CUST520,50328.22,5,2.515151515151515,9,562,8.696969696969697,44
CUST521,42646.7,8,3.1707317073170733,9,533,7.487804878048781,60
CUST522,63914.36,6,3.2127659574468086,9,577,6.617021276595745,22
CUST523,76837.7,8,2.982456140350877,9,546,5.421052631578948,44
CUST524,24369.61,3,2.7916666666666665,8,798,3.2083333333333335,56
CUST525,87348.75,6,2.609375,10,648,2.8125,55
CUST526,67597.93,9,3.1,9,559,5.7,46
CUST527,39387.72,5,2.764705882352941,8,562,6.264705882352941,33
CUST528,44246.29,4,3.1153846153846154,8,575,10.115384615384615,50
CUST529,25342.8,5,3.0555555555555554,8,573,16.61111111111111,59
CUST530,15886.75,2,2.3076923076923075,4,696,8.076923076923077,64
CUST531,20170.260000000002,4,3.0,5,685,20.22222222222222,40
CUST532,69163.67,6,3.2708333333333335,10,563,6.854166666666667,63
CUST533,58070.74,5,3.0,10,550,6.488888888888889,53
CUST534,82760.73,10,3.0476190476190474,10,536,5.26984126984127,44
CUST535,123799.47,7,3.4057971014492754,10,535,3.8405797101449277,34
CUST536,48377.74,6,2.3777777777777778,8,542,7.688888888888889,34
CUST537,45398.43,6,3.193548387096774,9,568,9.838709677419354,57
CUST538,32422.37,4,2.9583333333333335,7,555,13.041666666666666,63
CUST539,48864.03,4,3.189189189189189,9,538,5.216216216216216,61
CUST540,28398.920000000002,4,2.5384615384615383,7,597,10.538461538461538,31
CUST541,67353.05,7,2.984126984126984,9,573,4.761904761904762,47
CUST542,67987.42,6,2.56,9,646,4.34,64
CUST543,3971.56,1,4.0,1,836,0.0,36
CUST544,56401.12,6,2.6122448979591835,9,671,2.795918367346939,28
CUST545,106811.16,10,3.064935064935065,9,530,4.675324675324675,28
CUST546,60577.93,7,3.4761904761904763,8,531,7.190476190476191,48
CUST547,98431.04000000001,8,3.4339622641509435,10,529,6.3584905660377355,52
CUST548,65334.37,8,2.761904761904762,9,619,6.4523809523809526,33
CUST549,42718.81,5,2.6511627906976742,10,726,3.5813953488372094,57
CUST550,51685.19,5,3.138888888888889,10,557,9.083333333333334,40
CUST551,108857.73,10,2.948051948051948,9,547,4.285714285714286,22
CUST552,86424.6,8,3.3859649122807016,9,585,4.859649122807017,59
CUST553,23934.23,7,2.081081081081081,9,566,8.54054054054054,61
CUST554,18026.25,4,3.1,6,705,13.3,45
CUST555,83165.70999999999,9,3.1,9,633,3.3666666666666667,44
CUST556,13033.74,2,3.0,4,683,20.11111111111111,46
CUST557,34994.22,5,3.1724137931034484,8,583,10.620689655172415,42
CUST558,66094.2,8,2.864406779661017,9,538,5.745762711864407,44
CUST559,60894.86,5,3.088235294117647,8,571,7.617647058823529,42
CUST560,80740.39,6,3.3541666666666665,10,528,5.833333333333333,32
CUST561,70357.2,6,2.9574468085106385,10,532,6.8936170212765955,59
CUST562,16814.43,3,3.3636363636363638,6,684,9.181818181818182,33
CUST563,52521.06,7,2.76,8,594,5.28,24
CUST564,33033.38,3,2.9393939393939394,10,554,7.9393939393939394,23
CUST565,84329.14,5,3.283333333333333,10,569,4.216666666666667,40
CUST566,64005.92,5,3.2,8,539,10.085714285714285,55
CUST567,34621.93,4,3.4,7,552,7.4,61
CUST568,55828.88,6,2.925,7,587,6.275,48
CUST569,97813.56999999999,10,2.973333333333333,10,550,4.533333333333333,32
CUST570,58646.369999999995,4,3.3902439024390243,10,549,4.536585365853658,56
CUST571,94553.48,7,3.046875,10,528,5.59375,34
CUST572,49605.21,6,2.7674418604651163,8,679,4.837209302325581,65
CUST573,77581.59,8,3.0638297872340425,9,560,6.808510638297872,44
CUST574,41923.48,8,3.25,7,532,11.1875,31
CUST575,55785.19,5,2.7142857142857144,10,547,5.321428571428571,48
CUST576,112681.37999999999,7,3.0140845070422535,9,559,4.154929577464789,55
CUST577,89765.39,12,2.736842105263158,10,534,4.552631578947368,28
CUST578,28797.9,6,3.130434782608696,8,575,13.478260869565217,27
CUST579,103827.85,11,2.8068181818181817,10,539,3.375,42
CUST580,34581.54,4,2.8285714285714287,8,646,4.514285714285714,28
CUST581,49298.58,6,3.051282051282051,7,558,7.794871794871795,32
CUST582,86920.07,8,3.5714285714285716,9,548,2.9857142857142858,26
CUST583,38306.3,4,4.235294117647059,8,611,10.294117647058824,61
CUST584,38624.3,6,3.0,6,557,6.571428571428571,48
CUST585,79920.49,9,2.53125,9,584,4.703125,52
CUST586,76038.11,7,2.7936507936507935,10,618,3.6031746031746033,63
CUST587,24346.170000000002,3,3.2777777777777777,5,593,16.11111111111111,60
CUST588,20487.57,3,3.5,6,712,10.25,38
CUST589,89839.88,10,3.25,9,646,4.392857142857143,18
CUST590,60301.8,6,2.6470588235294117,9,544,5.882352941176471,63
CUST591,38166.26,5,2.7037037037037037,8,612,8.74074074074074,58
CUST592,55940.39,10,3.4827586206896552,8,575,7.758620689655173,20
CUST593,36116.93,3,2.869565217391304,7,613,6.782608695652174,18
CUST594,76657.26,9,2.4328358208955225,9,639,3.746268656716418,19
CUST595,35524.72,3,3.2758620689655173,9,600,5.379310344827586,41
CUST596,34209.35,4,3.25,4,587,25.416666666666668,39
CUST597,11136.79,3,2.5,6,544,12.375,48
CUST598,96296.68,10,3.0757575757575757,10,582,4.212121212121212,19
CUST599,19946.12,3,2.9615384615384617,7,674,7.230769230769231,30
CUST600,62691.03,7,3.3870967741935485,6,531,5.354838709677419,22
CUST601,128367.64,11,3.0927835051546393,10,611,2.731958762886598,50
CUST602,109573.72,7,3.3548387096774195,10,531,4.741935483870968,45
CUST603,65572.44,5,3.02,8,551,5.54,28
CUST604,60533.5,9,2.7291666666666665,8,537,7.208333333333333,63
CUST605,13430.460000000001,2,2.875,4,758,10.75,28
CUST606,29671.8,5,2.56,7,575,11.6,19
CUST607,62177.8,5,3.8,10,575,5.828571428571428,32
CUST608,116632.14,7,3.206896551724138,10,539,5.844827586206897,30
CUST609,129960.78,14,3.120879120879121,9,622,2.3626373626373627,60
CUST610,20348.87,5,3.0714285714285716,8,528,19.928571428571427,32
CUST611,82729.02,7,3.1666666666666665,10,563,5.6875,50
CUST612,61352.98,6,2.525,8,563,5.225,22
CUST613,82966.87,11,2.913793103448276,9,614,4.224137931034483,42
CUST614,66855.61,9,3.1320754716981134,9,535,6.09433962264151,50
CUST615,73932.89,6,3.0384615384615383,9,543,5.673076923076923,24
CUST616,30975.41,5,3.16,5,672,8.28,50
CUST617,84896.94,8,2.7761194029850746,10,546,4.2388059701492535,40
CUST618,61645.83,6,3.275,9,549,6.325,33
CUST619,52765.88,7,2.3043478260869565,10,541,6.5,56
CUST620,47668.46,4,3.303030303030303,10,542,7.303030303030303,35
CUST621,10430.54,1,2.875,6,540,0.0,20
CUST622,136839.38,7,3.212121212121212,10,605,3.590909090909091,35
CUST623,58748.62,5,3.0,8,598,6.684210526315789,61
CUST624,82057.76,7,3.0476190476190474,9,546,4.380952380952381,44
CUST625,97076.27,9,2.926470588235294,10,556,3.514705882352941,58
CUST626,32178.86,3,3.5294117647058822,7,592,16.352941176470587,42
CUST627,43430.43,6,3.3225806451612905,9,531,10.096774193548388,55
CUST628,82833.78,5,3.391304347826087,9,550,5.565217391304348,37
CUST629,93099.73,5,3.215686274509804,9,719,0.7647058823529411,25
CUST630,68477.07,6,3.558139534883721,9,562,7.093023255813954,48
CUST631,27079.53,3,2.36,8,566,8.84,32
CUST632,154646.96,12,3.057471264367816,10,534,3.4827586206896552,47
CUST633,16795.42,3,3.3333333333333335,5,561,18.555555555555557,54
CUST634,73040.6,6,3.0980392156862746,9,537,3.9411764705882355,56
CUST635,59477.14,6,3.159090909090909,10,589,5.613636363636363,30
CUST636,121353.63,10,2.8275862068965516,9,531,3.4482758620689653,43
CUST637,30013.72,5,2.5416666666666665,5,598,11.583333333333334,25
CUST638,34889.87,4,3.1666666666666665,8,725,6.416666666666667,53
CUST639,22986.8,2,2.9411764705882355,7,568,10.823529411764707,19
CUST640,118723.45,9,3.0,9,587,3.4615384615384617,63
CUST641,72275.56999999999,8,3.0714285714285716,10,639,2.3392857142857144,65
CUST642,84399.92,6,2.673076923076923,8,594,4.480769230769231,54
CUST643,63315.270000000004,6,2.411764705882353,9,549,6.333333333333333,52
CUST644,101568.42,10,3.1097560975609757,10,576,2.097560975609756,39
CUST645,51735.03,7,2.926829268292683,9,656,4.146341463414634,37
CUST646,61204.33,9,2.306122448979592,9,665,4.428571428571429,51
CUST647,124394.83,11,2.946236559139785,10,549,3.0,47
CUST648,85559.62,7,3.210526315789474,8,551,4.105263157894737,52
CUST649,28417.29,5,2.4814814814814814,8,538,11.407407407407407,63
CUST650,113999.93000000001,7,3.6346153846153846,9,547,6.403846153846154,30
CUST651,88379.09,7,2.888888888888889,10,641,3.2037037037037037,37
CUST652,102073.41,6,3.253968253968254,10,697,2.3968253968253967,53
CUST653,28501.07,3,2.7222222222222223,8,760,3.7222222222222223,19
CUST654,35260.29,6,2.1538461538461537,8,563,10.384615384615385,60
CUST655,82638.36,7,3.087719298245614,9,588,3.8596491228070176,64
CUST656,101066.77,7,3.064516129032258,10,631,4.0,44
CUST657,99074.92,6,3.283333333333333,10,604,4.2,20
CUST658,48297.85,5,2.625,10,677,3.3541666666666665,45
CUST659,81957.01,8,2.888888888888889,10,672,2.0634920634920637,31
CUST660,112606.07,8,3.0229885057471266,9,571,3.67816091954023,60
CUST661,85515.62,6,2.9516129032258065,10,544,4.758064516129032,59
CUST662,64836.07,4,3.411764705882353,9,549,9.911764705882353,48
CUST663,22225.13,3,3.2,6,781,3.4,20
CUST664,40399.48,7,2.972972972972973,9,547,8.945945945945946,58
CUST665,57227.49,5,3.217391304347826,9,615,2.869565217391304,42
CUST666,141153.87,12,3.05607476635514,10,586,2.822429906542056,45
CUST667,94482.52,6,3.8870967741935485,10,633,4.032258064516129,64
CUST668,66470.42,9,3.183333333333333,9,536,5.266666666666667,50
CUST669,2000.07,1,2.5,4,799,0.0,36
CUST670,59208.96,9,2.877551020408163,9,556,4.285714285714286,50
CUST671,47107.25,4,3.032258064516129,9,555,3.935483870967742,62
CUST672,15146.65,4,2.0476190476190474,7,533,15.333333333333334,19
CUST673,30137.13,2,3.7857142857142856,5,676,10.714285714285714,56
CUST674,100049.28,8,3.267605633802817,8,583,4.309859154929577,61
CUST675,43567.6,8,2.933333333333333,9,566,6.355555555555555,24
CUST676,46114.17,4,3.138888888888889,9,586,6.444444444444445,39
CUST677,77922.3,9,3.16,9,644,4.88,47
CUST678,96044.14,8,3.140625,10,552,4.765625,31
CUST679,40610.33,8,2.7222222222222223,10,634,6.722222222222222,21
CUST680,83533.19,10,2.4285714285714284,10,597,3.842857142857143,46
CUST681,30574.97,3,3.235294117647059,6,705,7.352941176470588,28
CUST682,122413.19,7,3.2,10,568,3.2,47
CUST683,90562.31,7,3.1451612903225805,9,700,2.338709677419355,26
CUST684,51834.64,6,2.6,7,550,8.542857142857143,38
CUST685,8900.86,2,3.6,2,544,44.2,27
CUST686,31736.48,3,2.8333333333333335,7,687,3.75,33
CUST687,50555.69,5,2.8333333333333335,9,562,7.523809523809524,29
CUST688,1033.56,1,1.0,2,769,0.0,23
CUST689,77403.19,8,2.9107142857142856,10,538,5.357142857142857,56
CUST690,48351.51,6,2.5625,7,528,9.0,48
CUST691,84358.4,6,2.888888888888889,9,555,3.986111111111111,39
CUST692,38644.51,6,2.4642857142857144,7,558,11.071428571428571,27
CUST693,34305.840000000004,4,3.6470588235294117,7,686,8.941176470588236,32
CUST694,3345.46,2,3.0,2,665,21.333333333333332,34
CUST695,72220.69,6,3.176470588235294,9,541,4.784313725490196,35
CUST696,46606.17,6,3.0606060606060606,8,528,10.575757575757576,18
CUST697,46414.12,6,3.0,10,579,4.5,48
CUST698,80682.51,8,3.0,9,578,5.377777777777778,50
CUST699,122474.91,12,2.9072164948453607,9,531,2.8350515463917527,57
CUST700,60159.979999999996,8,2.673469387755102,9,546,6.142857142857143,40
CUST701,37895.14,4,2.4,7,612,6.8,25
CUST702,34584.91,5,3.1666666666666665,8,611,6.25,37
CUST703,40367.67,5,3.09375,8,539,8.9375,25
CUST704,92819.48,7,2.9285714285714284,10,542,4.9,58
CUST705,92882.06,6,2.8333333333333335,9,546,5.633333333333334,32
CUST706,117448.88,10,3.342857142857143,9,576,4.5,57
CUST707,32400.25,5,2.6875,9,593,5.84375,58
CUST708,100607.84,6,2.772727272727273,10,583,4.2272727272727275,41
CUST709,54776.04,5,2.6530612244897958,8,529,5.8979591836734695,42
CUST710,76170.6,7,3.6,9,587,5.2444444444444445,45
CUST711,30436.08,5,3.68,6,544,13.64,22
CUST712,10037.140000000001,2,3.142857142857143,5,706,2.142857142857143,52
CUST713,111752.70999999999,10,2.75,10,593,3.6184210526315788,33
CUST714,24825.25,5,2.5,6,583,6.461538461538462,58
CUST715,51109.19,6,2.857142857142857,9,539,7.119047619047619,55
CUST716,29104.9,4,2.909090909090909,5,621,11.681818181818182,47
CUST717,54551.65,6,3.3333333333333335,9,552,4.166666666666667,63
CUST718,36123.14,5,2.764705882352941,9,591,8.0,36
CUST719,115798.11,9,3.1323529411764706,9,623,3.7205882352941178,27
CUST720,77137.84,12,2.8333333333333335,10,539,5.25,34
CUST721,35791.939999999995,4,2.8333333333333335,7,697,9.11111111111111,64
CUST722,27933.82,3,3.0,7,541,19.266666666666666,35
CUST723,110806.55,7,3.269230769230769,10,597,0.8846153846153846,46
CUST724,42212.35,3,2.757575757575758,8,617,6.757575757575758,28
CUST725,53895.49,7,3.128205128205128,7,533,5.871794871794871,24
CUST726,110364.86,8,3.0779220779220777,10,543,3.4935064935064934,42
CUST727,10679.13,3,2.272727272727273,4,531,15.090909090909092,26
CUST728,66857.8,8,2.9743589743589745,8,546,8.23076923076923,25
CUST729,93886.02,8,2.709090909090909,10,536,5.8545454545454545,27
CUST730,69813.05,5,3.5294117647058822,9,564,7.205882352941177,32
CUST731,21144.21,2,3.5294117647058822,8,575,17.941176470588236,59
CUST732,52742.479999999996,3,3.3448275862068964,9,551,11.310344827586206,25
CUST733,44212.01,6,2.9714285714285715,8,529,9.142857142857142,57
CUST734,27474.88,4,3.142857142857143,7,570,4.214285714285714,21
CUST735,60331.88,7,3.452830188679245,10,569,5.283018867924528,38
CUST736,78218.67,7,3.0634920634920637,10,718,2.746031746031746,51
CUST737,104326.29000000001,10,2.844155844155844,9,614,3.3896103896103895,27
CUST738,101345.23,11,3.095890410958904,10,550,4.506849315068493,42
CUST739,101757.70999999999,11,3.0495049504950495,10,535,3.396039603960396,34
CUST740,46563.45,6,2.972972972972973,9,574,6.864864864864865,59
CUST741,75644.77,6,3.1372549019607843,10,528,6.352941176470588,63
CUST742,95500.07,6,3.462962962962963,10,538,5.518518518518518,47
CUST743,75375.21,5,2.7674418604651163,9,611,6.1395348837209305,29
CUST744,80788.14,8,2.909090909090909,8,533,5.424242424242424,30
CUST745,23514.24,5,2.6363636363636362,8,644,9.227272727272727,46
CUST746,52654.94,8,2.74468085106383,10,549,6.723404255319149,27
CUST747,59250.15,8,3.1020408163265305,8,623,4.938775510204081,55
CUST748,88391.09,7,2.7288135593220337,10,567,5.508474576271187,45
CUST749,25196.12,6,2.85,7,559,16.65,44
CUST750,34737.14,3,3.0833333333333335,9,580,10.5,50
CUST751,24639.27,4,2.411764705882353,7,632,15.235294117647058,19
CUST752,35918.2,4,3.28125,8,532,5.21875,55
CUST753,15776.01,4,2.2,6,579,14.466666666666667,46
CUST754,44516.11,4,2.892857142857143,5,549,12.178571428571429,22
CUST755,47475.92,6,3.4545454545454546,7,746,3.6363636363636362,49
CUST756,731.86,1,2.0,1,585,0.0,55
CUST757,97909.69,9,2.9876543209876543,10,535,4.3580246913580245,19
CUST758,31376.2,5,2.88,8,673,6.44,49
CUST759,9637.52,4,2.4166666666666665,7,590,5.916666666666667,44
CUST760,14431.81,3,2.8181818181818183,5,580,11.818181818181818,39
CUST761,15072.21,4,2.8,6,587,17.2,21
CUST762,60623.06,7,2.727272727272727,9,558,7.4772727272727275,20
CUST763,45946.58,5,3.1333333333333333,9,549,8.666666666666666,19
CUST764,87335.7,7,2.9206349206349205,10,528,4.841269841269841,45
CUST765,27286.72,2,3.4285714285714284,5,872,0.21428571428571427,60
CUST766,62486.12,4,3.0,8,556,8.243243243243244,24
CUST767,1269.6200000000001,1,1.5,2,750,0.0,44
CUST768,71746.14,8,3.2222222222222223,10,571,5.537037037037037,50
CUST769,55979.59,6,3.0652173913043477,9,533,6.086956521739131,65
CUST770,30421.28,7,3.8,7,591,15.0,49
CUST771,141618.1,12,2.872340425531915,10,539,3.617021276595745,56
CUST772,59321.43,5,3.0,10,552,8.972972972972974,20
CUST773,83310.91,8,2.4516129032258065,10,545,4.467741935483871,49
CUST774,62793.31,4,3.1219512195121952,9,557,7.658536585365853,64
CUST775,30758.510000000002,4,2.6,6,549,8.233333333333333,57
CUST776,84189.1,10,2.6533333333333333,9,574,3.7733333333333334,57
CUST777,50370.45,7,2.75,8,667,5.175,52
CUST778,564.38,1,3.0,2,753,0.0,49
CUST779,116533.35,11,3.2386363636363638,10,541,3.8068181818181817,30
CUST780,89063.92,5,2.828125,10,592,3.15625,39
CUST781,44887.14,6,2.735294117647059,6,574,9.058823529411764,50
CUST782,46932.54,4,3.3,8,616,7.8,48
CUST783,37263.17,6,2.5925925925925926,9,544,12.407407407407407,59
CUST784,112570.9,10,3.025,10,551,4.1125,41
CUST785,53363.88,5,3.4,9,582,5.4,48
CUST786,47525.08,4,3.0,8,584,6.119047619047619,55
CUST787,26727.81,6,2.5217391304347827,6,605,11.26086956521739,19
CUST788,64915.52,6,2.8181818181818183,9,548,7.75,52
CUST789,98374.0,10,2.8904109589041096,9,572,3.0684931506849313,31
CUST790,57830.24,7,2.8181818181818183,8,592,6.25,64
CUST791,6566.13,2,3.2222222222222223,6,647,2.7777777777777777,21
CUST792,88127.44,7,3.2115384615384617,10,575,5.673076923076923,18
CUST793,47541.04,4,3.4722222222222223,8,561,8.305555555555555,24
CUST794,5090.0599999999995,2,3.0,2,764,61.0,57
CUST795,36586.659999999996,3,2.7096774193548385,8,551,10.806451612903226,52
CUST796,80901.43000000001,6,3.1515151515151514,7,536,3.378787878787879,59
CUST797,56658.04,7,2.577777777777778,9,532,7.711111111111111,33
CUST798,60465.340000000004,5,3.25,10,579,6.083333333333333,39
CUST799,43465.33,6,3.129032258064516,8,592,8.580645161290322,34
CUST800,64615.32,5,2.8125,9,530,6.895833333333333,36
CUST801,56315.3,6,3.076923076923077,8,628,5.897435897435898,21
CUST802,73822.33,6,2.706896551724138,9,566,5.344827586206897,55
CUST803,97697.85,11,2.6710526315789473,10,575,4.131578947368421,58
CUST804,64831.21,5,3.1621621621621623,9,602,6.5675675675675675,22
CUST805,70977.84,6,2.6363636363636362,9,549,5.963636363636364,21
CUST806,80188.07,7,3.0526315789473686,9,670,3.754385964912281,63
CUST807,54231.979999999996,8,3.0,8,645,4.74468085106383,58
CUST808,19791.91,3,2.7857142857142856,8,584,18.5,21
CUST809,140277.61000000002,11,3.2857142857142856,10,559,3.4505494505494507,21
CUST810,81938.3,8,2.7818181818181817,10,530,6.090909090909091,50
CUST811,34178.65,4,3.0,8,591,8.782608695652174,31
CUST812,85525.19,5,3.2888888888888888,10,635,3.422222222222222,60
CUST813,24524.420000000002,3,2.5555555555555554,7,667,11.666666666666666,34
CUST814,45445.340000000004,4,3.433333333333333,8,562,8.566666666666666,65
CUST815,95271.04,5,2.7966101694915255,10,559,4.711864406779661,29
CUST816,74661.5,8,3.1041666666666665,8,559,6.333333333333333,53
CUST817,75154.36,6,3.05,10,530,6.875,29
CUST818,80853.14,8,2.9672131147540983,9,590,4.80327868852459,64
CUST819,59439.93,5,3.142857142857143,8,759,3.0,65
CUST820,33975.56,4,2.923076923076923,6,594,9.73076923076923,59
CUST821,95422.7,10,2.91044776119403,10,561,3.8507462686567164,19
CUST822,39632.770000000004,6,2.3125,7,545,10.625,61
CUST823,98177.6,13,3.0,10,568,3.658536585365854,33
CUST824,21999.59,4,3.2142857142857144,7,581,15.571428571428571,64
CUST825,66201.84,7,3.391304347826087,9,528,6.891304347826087,53
CUST826,31131.48,3,2.8846153846153846,9,779,2.3846153846153846,34
CUST827,92089.09,7,3.044776119402985,10,536,4.597014925373134,36
CUST828,25540.98,2,3.066666666666667,7,540,10.4,33
CUST829,60672.68,8,2.8333333333333335,8,554,7.857142857142857,56
CUST830,70690.31,9,2.8225806451612905,10,567,5.241935483870968,60
CUST831,26900.629999999997,3,2.4545454545454546,9,539,8.363636363636363,44
CUST832,44908.97,7,2.9473684210526314,9,605,7.552631578947368,20
CUST833,74759.2,8,3.339622641509434,8,601,5.471698113207547,38
CUST834,80733.4,10,2.63768115942029,10,539,4.434782608695652,38
CUST835,99942.97,9,2.8701298701298703,10,546,3.5454545454545454,24
CUST836,49188.16,5,3.0606060606060606,8,556,8.818181818181818,22
CUST837,59919.56,6,3.263157894736842,8,645,5.2631578947368425,44
CUST838,70822.18000000001,8,2.7142857142857144,8,557,5.081632653061225,41
CUST839,165787.07,16,2.872,8,547,2.704,26
CUST840,33402.65,5,2.2666666666666666,8,627,8.133333333333333,47
CUST841,100424.4,7,3.176470588235294,9,606,4.014705882352941,52
CUST842,34447.44,6,3.033333333333333,8,574,7.9,30
CUST843,81173.69,10,3.2115384615384617,10,553,6.0576923076923075,42
CUST844,55272.51,5,3.1707317073170733,8,580,7.463414634146342,52
CUST845,84850.92,9,3.074074074074074,10,588,5.5,26
CUST846,142876.84,11,2.872549019607843,10,530,3.303921568627451,21
CUST847,33605.59,7,2.1,8,619,8.266666666666667,25
CUST848,76885.22,8,2.824561403508772,10,561,4.947368421052632,20
CUST849,72882.33,5,2.982142857142857,10,562,3.4285714285714284,22
CUST850,93599.86,10,2.6714285714285713,10,548,4.614285714285714,27
CUST851,81866.71,6,3.230769230769231,8,602,4.4423076923076925,38
CUST852,151202.63,11,3.064814814814815,10,530,3.0,29
CUST853,83610.36,6,3.192982456140351,9,556,4.666666666666667,35
CUST854,92678.08,8,3.375,10,568,4.035714285714286,54
CUST855,101026.91,11,2.6533333333333333,9,554,4.053333333333334,38
CUST856,87948.79000000001,9,2.652173913043478,9,558,3.5652173913043477,63
CUST857,121797.56999999999,10,2.33,9,542,3.46,59
CUST858,50742.44,6,3.025,10,598,6.3,51
CUST859,50587.78,5,3.0,9,586,2.86046511627907,53
CUST860,18808.329999999998,4,2.727272727272727,7,674,18.363636363636363,58
CUST861,122775.96,9,3.2465753424657535,8,641,3.1780821917808217,28
CUST862,74250.27,6,3.163265306122449,9,643,4.959183673469388,36
CUST863,107967.24,7,2.844155844155844,10,555,4.0519480519480515,21
CUST864,74429.04,8,2.685185185185185,10,577,4.981481481481482,53
CUST865,32724.460000000003,3,3.0,7,658,7.85,43
CUST866,50517.909999999996,8,2.7777777777777777,10,558,6.666666666666667,62
CUST867,35157.03,4,2.4444444444444446,8,541,6.481481481481482,57
CUST868,83596.32,8,3.122448979591837,9,576,6.346938775510204,51
CUST869,114352.17,6,3.014705882352941,9,607,4.088235294117647,50
CUST870,89800.55,7,2.9615384615384617,9,645,4.5576923076923075,33
CUST871,52970.7,8,3.25,8,557,7.625,29
CUST872,54402.520000000004,5,3.4285714285714284,8,576,9.678571428571429,43
CUST873,41234.15,6,3.0,9,628,8.851851851851851,49
CUST874,198449.61,13,3.1705426356589146,10,553,2.503875968992248,41
CUST875,100021.11,8,2.9375,10,559,4.0125,40
CUST876,100482.56,7,3.095890410958904,8,614,1.8767123287671232,64
CUST877,78729.44,7,2.98,9,543,4.14,62
CUST878,22579.97,3,2.8823529411764706,7,742,3.2941176470588234,33
CUST879,5872.04,4,1.75,7,559,6.75,44
CUST880,41964.31,4,3.44,8,541,11.72,61
CUST881,31451.21,3,3.1578947368421053,8,646,1.8421052631578947,31
CUST882,30545.94,7,2.7586206896551726,8,590,7.931034482758621,32
CUST883,15307.699999999999,3,2.8125,7,583,10.8125,50
CUST884,51922.86,6,3.35,7,587,3.75,52
CUST885,138436.49,11,3.3411764705882354,10,537,3.7294117647058824,44
CUST886,89239.12,7,3.1551724137931036,9,570,4.793103448275862,40
CUST887,33149.39,4,2.3636363636363638,7,623,3.272727272727273,60
CUST888,26553.78,5,2.7058823529411766,6,558,18.352941176470587,30
CUST889,59201.75,8,3.3333333333333335,9,629,5.044444444444444,21
CUST890,70756.62,8,3.388888888888889,9,592,5.37037037037037,28
CUST891,49476.08,8,2.75,10,551,6.25,27
CUST892,76433.93000000001,7,3.0,10,542,4.642857142857143,55
CUST893,29424.63,4,3.857142857142857,6,528,24.571428571428573,40
CUST894,81854.43,7,2.9444444444444446,10,587,5.425925925925926,34
CUST895,116270.28,11,3.3333333333333335,9,555,4.825396825396825,37
CUST896,80686.7,7,3.064516129032258,10,537,5.467741935483871,58
CUST897,60450.26,7,3.3043478260869565,10,530,6.391304347826087,47
CUST898,79353.51,8,3.0416666666666665,10,555,3.7916666666666665,19
CUST899,99167.32,8,3.298507462686567,10,533,4.82089552238806,34
CUST900,61709.020000000004,10,2.78,9,543,6.94,29
CUST901,74679.39,4,2.8222222222222224,9,563,5.7555555555555555,49
CUST902,111051.77,8,2.9726027397260273,9,578,3.6301369863013697,64
CUST903,37394.76,6,3.12,8,557,10.48,64
CUST904,163981.15,10,3.0285714285714285,9,567,2.6,33
CUST905,67258.15,6,3.230769230769231,9,596,5.576923076923077,38
CUST906,125880.89,9,3.0684931506849313,8,542,4.767123287671233,44
CUST907,42671.16,5,3.3793103448275863,8,588,8.413793103448276,39
CUST908,59261.89,6,3.1363636363636362,10,538,7.590909090909091,64
CUST909,138720.42,10,3.2409638554216866,9,566,3.710843373493976,24
CUST910,18745.16,3,2.6363636363636362,4,528,26.545454545454547,24
CUST911,42657.14,6,3.1176470588235294,9,711,5.029411764705882,63
CUST912,42942.71,7,3.409090909090909,7,586,12.681818181818182,50
CUST913,34296.72,7,2.8461538461538463,6,540,12.153846153846153,44
CUST914,61115.75,5,2.6904761904761907,10,639,4.5476190476190474,24
CUST915,91307.06,9,2.8793103448275863,10,577,5.362068965517241,54
CUST916,21404.329999999998,5,2.8076923076923075,7,585,11.384615384615385,44
CUST917,114098.43000000001,10,3.0704225352112675,10,562,4.577464788732394,57
CUST918,73654.76,5,3.4523809523809526,9,557,5.928571428571429,38
CUST919,170178.24,13,3.074766355140187,10,578,2.9345794392523366,30
CUST920,126948.26,13,2.9047619047619047,10,584,3.5714285714285716,21
CUST921,95338.05,7,2.8275862068965516,10,624,4.206896551724138,22
CUST922,67266.22,5,2.8333333333333335,9,598,5.0625,57
CUST923,68890.68,4,3.263157894736842,9,680,2.710526315789474,31
CUST924,49107.0,8,2.877551020408163,9,574,6.1020408163265305,63
CUST925,60671.47,6,3.215686274509804,10,560,5.098039215686274,60
CUST926,44995.16,6,3.090909090909091,9,650,6.909090909090909,25
CUST927,236349.59,14,3.16025641025641,10,588,1.7115384615384615,63
CUST928,28405.809999999998,5,2.4166666666666665,7,538,11.583333333333334,30
CUST929,58303.94,6,3.25,8,628,5.7,62
CUST930,31741.32,5,2.9310344827586206,6,561,10.89655172413793,53
CUST931,59434.64,6,3.0625,9,582,6.96875,47
CUST932,28158.02,3,3.2222222222222223,8,656,9.222222222222221,29
CUST933,102115.25,8,2.9310344827586206,7,617,4.741379310344827,37
CUST934,47145.54,3,3.1666666666666665,8,601,7.4,57
CUST935,62873.93,8,2.9574468085106385,8,606,4.74468085106383,32
CUST936,76241.81,8,2.875,10,551,5.160714285714286,58
CUST937,140112.4,11,3.061224489795918,10,531,3.6530612244897958,40
CUST938,93546.56,7,3.3392857142857144,10,611,4.321428571428571,51
CUST939,56849.32,6,3.175,9,635,5.725,20
CUST940,46754.92,6,2.7804878048780486,9,543,8.097560975609756,55
CUST941,81084.84,7,3.418181818181818,9,575,4.763636363636364,30
CUST942,19684.08,4,2.7142857142857144,5,562,17.428571428571427,44
CUST943,17096.89,3,2.7857142857142856,6,651,3.2857142857142856,22
CUST944,110586.12,7,3.0238095238095237,10,542,3.4642857142857144,46
CUST945,61911.36,6,2.951219512195122,8,560,8.048780487804878,18
CUST946,30817.03,3,2.857142857142857,7,638,11.0,28
CUST947,111905.16,10,2.9384615384615387,10,562,4.769230769230769,31
CUST948,58972.689999999995,8,3.051282051282051,9,533,7.6923076923076925,51
CUST949,78285.29,5,3.619047619047619,7,555,7.619047619047619,51
CUST950,90950.89,10,2.9156626506024095,9,540,3.9036144578313254,34
CUST951,49805.74,5,3.323529411764706,7,539,6.411764705882353,32
CUST952,8788.98,2,2.6666666666666665,5,577,24.666666666666668,31
CUST953,69553.82,7,3.3333333333333335,9,600,6.355555555555555,65
CUST954,25091.27,8,2.5714285714285716,6,601,13.047619047619047,36
CUST955,57091.85,7,2.893617021276596,10,565,4.319148936170213,39
CUST956,54917.71,5,2.9,9,538,4.08,26
CUST957,64807.61,6,3.127659574468085,9,570,6.659574468085107,42
CUST958,112329.89,7,3.6774193548387095,10,567,5.032258064516129,20
CUST959,98486.06,10,3.1267605633802815,10,546,4.830985915492958,45
CUST960,12786.75,2,2.5714285714285716,6,534,1.4285714285714286,40
CUST961,57796.8,4,3.36,6,555,11.08,41
CUST962,61161.54,6,3.1707317073170733,8,650,5.170731707317073,27
CUST963,44041.19,3,2.9393939393939394,9,833,0.6363636363636364,46
CUST964,81251.58,7,3.235294117647059,10,569,5.784313725490196,21
CUST965,38040.65,5,2.9722222222222223,9,609,7.638888888888889,45
CUST966,80061.45,7,3.0,9,543,5.218181818181818,65
CUST967,84785.26,8,2.734375,10,535,5.15625,54
CUST968,33769.52,6,3.25,7,559,12.65,53
CUST969,42187.16,4,3.2058823529411766,10,537,2.676470588235294,36
CUST970,70863.06,8,3.051282051282051,8,537,8.512820512820513,19
CUST971,51137.33,5,2.9375,8,537,9.28125,41
CUST972,26385.22,5,3.1,6,536,17.5,36
CUST973,64076.08,8,2.7142857142857144,8,528,6.63265306122449,57
CUST974,15720.69,2,2.909090909090909,7,627,12.909090909090908,61
CUST975,84282.73,6,2.824561403508772,8,538,5.771929824561403,65
CUST976,46903.99,6,2.627906976744186,9,574,7.069767441860465,61
CUST977,19908.85,2,4.5,2,863,4.833333333333333,33
CUST978,32511.58,7,3.5384615384615383,8,552,11.615384615384615,56
CUST979,12805.02,3,4.0,4,545,31.25,28
CUST980,86996.97,6,3.3207547169811322,10,582,5.226415094339623,20
CUST981,21277.71,4,2.4814814814814814,8,530,10.592592592592593,55
CUST982,18963.2,5,3.2941176470588234,6,530,11.294117647058824,54
CUST983,58239.62,6,3.0555555555555554,8,575,8.5,53
CUST984,45403.03,6,2.5384615384615383,7,555,12.884615384615385,34
CUST985,42368.990000000005,5,2.6129032258064515,8,563,9.870967741935484,36
CUST986,83045.45,8,3.0625,9,572,4.109375,47
CUST987,66131.23,6,3.217391304347826,10,543,7.217391304347826,25
CUST988,48537.020000000004,6,2.8484848484848486,9,629,6.484848484848484,51
CUST989,112055.04000000001,9,3.023529411764706,10,583,2.8823529411764706,48
CUST990,56076.52,6,2.95,8,593,6.95,37
CUST991,29655.6,3,2.3448275862068964,9,571,9.137931034482758,53
CUST992,115209.53,11,3.4324324324324325,9,539,4.608108108108108,36
CUST993,17861.91,3,3.4444444444444446,8,577,13.944444444444445,47
CUST994,14038.880000000001,2,3.3846153846153846,5,668,9.846153846153847,30
CUST995,36208.06,4,2.9583333333333335,7,604,10.458333333333334,60
CUST996,14492.43,2,3.375,4,642,24.0,52
CUST997,125979.20999999999,9,3.05,10,598,3.4125,46
CUST998,69621.20999999999,7,2.8703703703703702,10,587,5.2407407407407405,47
CUST999,87023.72,9,2.8225806451612905,9,528,5.096774193548387,37
